URL_LENGTH,NUMBER_SPECIAL_CHARACTERS,CHARSET,SERVER,CONTENT_LENGTH,WHOIS_COUNTRY,WHOIS_STATEPRO,WHOIS_REGDATE,WHOIS_UPDATED_DATE,TCP_CONVERSATION_EXCHANGE,DIST_REMOTE_TCP_PORT,REMOTE_IPS,APP_BYTES,SOURCE_APP_PACKETS,REMOTE_APP_PACKETS,SOURCE_APP_BYTES,REMOTE_APP_BYTES,APP_PACKETS,DNS_QUERY_TIMES,CHARSET1,SERVER1,WHOIS_COUNTRY1,WHOIS_STATEPRO1,WHOIS_REGDATE1,WHOIS_UPDATED_DATE1,TCP_CONVERSATION_EXCHANGE1,DIST_REMOTE_TCP_PORT1,REMOTE_IPS1,APP_BYTES1,SOURCE_APP_PACKETS1,REMOTE_APP_PACKETS1,SOURCE_APP_BYTES1,REMOTE_APP_BYTES1,APP_PACKETS1,DNS_QUERY_TIMES1,label
16,7,121,162,263,241,290,0,79,42,763,148,0,16,29,0,0,16,101,134,211,306,362,1,139,56,916,191,1,25,39,1,1,25,142,0
16,6,544,1,15087,241,290,76,79,23,49,112,1,22,24,1,1,22,892,676,1,306,362,127,139,26,49,128,1,26,26,1,1,26,976,1
16,6,151,110,324,241,290,76,79,593,763,593,593,593,590,590,593,593,892,155,113,306,362,127,139,657,916,657,657,655,590,590,655,655,976,1
17,6,382,162,162,1054,1,1,1,16,5,168,1,9,15,1,2,9,90,427,211,1103,1,1,1,16,5,183,1,9,16,1,2,9,105,1
17,6,544,175,124140,1054,10,1,2,5,77,107,1,4,2,1,1,4,276,676,175,1103,10,1,2,5,78,134,1,4,2,1,1,4,309,1
18,7,544,162,-1,3,1,1,1,21,60,41,2,23,22,1,2,23,892,676,211,3,1,1,1,30,60,42,2,35,25,1,2,35,976,1
18,6,121,13,345,1054,23,1,2,25,763,168,1,29,22,1,1,29,101,134,15,1103,24,1,2,32,916,183,1,34,25,1,1,34,142,1
19,6,151,110,324,1054,60,1,1,593,763,593,593,593,590,590,593,593,892,155,113,1103,61,1,1,657,916,657,657,655,590,590,655,655,976,1
20,5,359,4,-1,241,290,0,79,593,763,593,593,10,8,0,0,10,101,379,8,306,362,2,139,657,916,657,657,14,42,1,2,14,142,0
20,5,359,4,-1,241,290,0,79,593,763,593,593,10,0,0,0,10,101,379,8,306,362,2,139,657,916,657,657,14,1,1,2,14,142,0
20,6,359,295,-1,1054,5,1,1,593,763,593,593,593,590,590,593,593,892,379,386,1103,5,1,1,657,916,657,657,655,590,590,655,655,976,1
20,6,151,110,324,1054,23,1,1,593,763,593,593,593,590,590,593,593,892,155,113,1103,24,1,1,657,916,657,657,655,590,590,655,655,976,1
20,7,359,175,13716,15,290,1,6,25,60,62,1,19,21,1,1,19,276,379,175,19,362,1,7,27,60,67,1,21,25,1,1,21,309,1
20,6,382,162,3692,241,290,1,3,14,8,112,1,12,11,1,1,12,19,427,211,306,362,1,3,17,8,128,1,13,11,1,1,13,19,1
20,7,382,12,13054,241,290,76,79,593,763,593,593,593,590,590,593,593,892,427,12,306,362,127,139,657,916,657,657,655,590,590,655,655,976,1
21,7,382,1,957,9,290,0,0,42,763,70,0,23,29,0,0,23,276,427,5,10,362,1,1,56,916,101,1,35,39,1,1,35,309,0
21,7,121,162,686,0,0,0,1,37,763,148,0,36,31,0,0,36,101,134,211,2,1,1,2,39,916,191,1,38,42,1,1,38,142,0
21,6,151,110,324,241,290,1,1,42,49,168,8,30,31,9,9,30,892,155,113,306,362,1,1,56,49,183,8,32,42,9,9,32,976,1
21,6,359,162,15025,241,290,76,79,17,54,107,1,16,22,1,1,16,101,379,211,306,362,127,139,18,106,134,1,21,29,1,1,21,142,1
22,7,151,110,324,1054,23,1,1,25,763,112,0,23,31,1,0,23,101,155,113,1103,24,2,2,31,916,128,2,35,42,2,2,35,142,0
22,6,359,3,-1,1054,369,1,5,11,3,89,1,16,11,1,2,16,276,379,3,1103,372,1,5,13,3,97,1,18,11,1,2,18,309,1
22,6,121,162,318,1054,2,1,1,47,60,89,11,36,29,5,11,36,892,134,211,1103,2,1,1,53,60,97,11,38,39,5,11,38,976,1
22,6,121,5,224,241,290,1,1,45,151,148,9,39,34,8,9,39,892,134,5,306,362,1,1,48,151,191,9,42,40,8,9,42,976,1
22,7,359,13,4421,35,1,1,2,25,763,148,1,23,29,1,1,23,276,379,13,35,1,1,2,32,916,191,1,28,40,1,1,28,309,1
22,6,544,29,-1,1054,60,1,1,37,763,168,1,16,29,1,1,16,276,676,36,1103,61,1,1,39,916,183,1,20,39,1,1,20,309,1
22,6,382,295,441,1054,1,2,8,593,763,593,593,593,590,590,593,593,892,427,386,1103,1,2,8,657,916,657,657,655,590,590,655,655,976,1
22,6,382,29,-1,1054,9,1,1,593,763,593,593,593,590,590,593,593,892,427,36,1103,9,1,1,657,916,657,657,655,590,590,655,655,976,1
22,6,359,162,6671,82,2,1,26,593,763,593,593,593,590,590,593,593,892,379,211,84,2,1,27,657,916,657,657,655,590,590,655,655,976,1
23,6,359,295,-1,1054,60,1,1,25,151,25,1,22,21,1,3,22,101,379,386,1103,61,1,1,27,151,25,1,26,25,1,3,26,142,1
23,6,121,2,434,19,17,1,2,593,763,593,593,593,590,590,593,593,892,134,2,21,19,1,2,657,916,657,657,655,590,590,655,655,976,1
23,6,151,110,324,1,290,1,2,593,763,593,593,593,590,590,593,593,892,155,113,1,362,2,2,657,916,657,657,655,590,590,655,655,976,1
23,6,359,162,13001,241,290,76,79,593,763,593,593,593,590,590,593,593,892,379,211,306,362,127,139,657,916,657,657,655,590,590,655,655,976,1
23,7,382,2,3257,241,290,4,2,593,763,593,593,593,590,590,593,593,892,427,2,306,362,4,4,657,916,657,657,655,590,590,655,655,976,1
23,6,382,175,6748,1054,56,2,4,42,67,107,7,30,42,31,7,30,892,427,175,1103,58,2,4,56,69,134,7,32,48,31,7,32,976,1
23,7,544,162,-1,241,290,76,79,19,49,62,1,18,26,5,1,18,892,676,211,306,362,127,139,23,53,67,1,23,31,5,1,23,976,1
23,6,6,175,-1,1054,10,1,2,23,49,89,1,29,21,1,1,29,276,7,175,1103,10,1,2,30,49,97,1,31,25,1,1,31,309,1
23,6,544,175,-1,15,290,1,2,23,8,89,1,29,20,1,1,29,276,676,175,19,362,1,2,30,8,97,2,31,28,1,1,31,309,1
23,6,544,175,-1,1054,3,1,2,45,763,70,1,36,33,1,1,36,276,676,175,1103,3,1,2,48,916,101,1,38,35,1,1,38,309,1
23,6,544,88,-1,1054,5,1,1,32,763,107,1,29,23,1,2,29,276,676,94,1103,5,1,1,35,916,134,1,34,27,1,2,34,309,1
23,6,382,29,-1,9,1,1,1,8,67,112,1,5,7,1,1,5,276,427,36,10,1,1,1,8,69,128,1,5,8,1,1,5,309,1
23,6,121,295,240,1054,369,1,2,47,763,148,1,16,26,1,2,16,101,134,386,1103,372,1,2,53,916,191,1,20,31,1,2,20,142,1
23,6,382,295,3985,82,2,1,2,10,11,2,1,7,8,1,1,7,171,427,386,84,2,1,2,10,11,2,1,7,11,1,1,7,213,1
23,6,151,110,324,241,290,1,1,593,763,593,593,593,590,590,593,593,892,155,113,306,362,1,1,657,916,657,657,655,590,590,655,655,976,1
24,8,382,5,6173,241,290,76,79,10,763,70,1,10,41,0,1,10,892,427,6,306,362,127,139,13,916,101,3,14,48,1,3,14,976,0
24,9,121,295,319,9,0,76,79,42,763,148,0,16,29,0,0,16,101,134,386,10,1,127,139,56,916,191,1,25,39,1,1,25,142,0
24,6,359,4,-1,1,290,1,4,3,2,107,1,1,1,1,1,1,12,379,4,1,362,1,4,3,2,134,1,1,1,1,1,1,12,1
24,6,382,175,34,1054,10,1,1,3,151,107,1,8,1,1,1,8,276,427,175,1103,10,1,1,3,151,134,1,8,1,1,1,8,309,1
24,7,359,162,-1,1054,75,13,26,25,60,89,1,22,24,1,1,22,276,379,211,1103,75,13,27,30,60,97,1,26,27,1,1,26,309,1
24,6,359,1,1778,241,290,1,1,42,49,168,8,30,31,9,9,30,892,379,1,306,362,1,1,56,49,183,8,32,42,9,9,32,976,1
24,6,359,2,-1,241,290,1,2,37,151,148,4,37,42,31,4,37,892,379,2,306,362,1,2,39,151,191,4,38,48,31,4,38,976,1
24,6,151,110,324,82,1,3,3,37,67,112,12,37,33,5,12,37,892,155,113,84,1,3,3,39,69,128,12,38,35,6,12,38,976,1
24,8,121,5,224,1054,21,1,3,23,77,112,2,29,27,1,1,29,276,134,5,1103,22,1,3,30,78,128,2,31,31,1,1,31,309,1
24,6,359,5,-1,82,43,1,1,25,77,76,2,23,22,1,1,23,276,379,8,84,45,1,1,32,78,80,2,28,24,1,1,28,309,1
24,7,121,295,318,241,290,76,79,21,54,62,1,18,22,1,2,18,276,134,386,306,362,127,139,24,106,67,1,23,25,1,2,23,309,1
24,7,359,5,-1,241,290,4,5,25,60,62,1,24,16,1,1,24,171,379,5,306,362,4,5,27,60,67,1,26,21,1,1,26,213,1
24,6,121,13,345,1054,2,2,6,23,49,41,1,15,20,1,1,15,101,134,15,1103,2,2,6,30,53,42,1,21,28,1,1,21,142,1
24,6,544,295,756,19,17,2,5,25,151,5,1,16,12,1,1,16,276,676,386,21,19,2,5,30,151,5,1,17,15,1,1,17,309,1
25,6,359,2,-1,82,4,2,10,593,763,593,593,593,590,590,593,593,892,379,2,84,4,2,10,657,916,657,657,655,590,590,655,655,976,1
25,7,359,162,-1,1054,75,13,26,593,763,593,593,593,590,590,593,593,892,379,211,1103,75,13,27,657,916,657,657,655,590,590,655,655,976,1
25,6,544,162,14839,1054,75,2,2,593,763,593,593,593,590,590,593,593,892,676,211,1103,75,2,2,657,916,657,657,655,590,590,655,655,976,1
25,6,151,50,324,1054,2,1,1,44,77,112,11,43,42,4,12,43,892,155,51,1103,3,1,1,48,78,128,11,43,48,4,12,43,976,1
25,6,544,6,-1,241,290,1,1,37,49,148,12,37,40,10,12,37,892,676,6,306,362,1,1,39,53,191,12,38,40,10,12,38,976,1
25,6,544,295,-1,1054,45,1,5,25,763,107,1,23,22,2,1,23,276,676,386,1103,57,1,5,32,916,134,1,28,29,2,1,28,309,1
25,6,544,162,658,241,290,76,79,21,151,112,1,16,22,1,1,16,276,676,211,306,362,127,139,30,151,128,1,21,24,1,1,21,309,1
25,6,544,175,-1,1,1,1,1,19,49,41,1,24,22,1,1,24,276,676,175,1,1,1,1,26,49,42,1,26,29,1,1,26,309,1
25,6,382,295,-1,1054,369,13,18,4,11,41,1,11,15,1,1,11,171,427,386,1103,372,13,18,4,11,42,1,11,15,1,1,11,213,1
25,6,544,295,195,15,1,1,2,593,763,593,593,593,590,590,593,593,892,676,386,19,1,1,2,657,916,657,657,655,590,590,655,655,976,1
25,6,151,110,324,1054,23,1,1,593,763,593,593,593,590,590,593,593,892,155,113,1103,24,1,1,657,916,657,657,655,590,590,655,655,976,1
25,6,382,295,-1,1054,45,1,2,593,763,593,593,593,590,590,593,593,892,427,386,1103,57,1,2,657,916,657,657,655,590,590,655,655,976,1
26,8,544,162,-1,241,290,0,79,25,763,148,0,29,12,0,0,29,101,676,211,306,362,1,139,32,916,191,1,34,18,1,1,34,142,0
26,8,359,162,-1,241,290,0,79,25,54,148,0,23,29,1,0,23,101,379,211,306,362,1,139,31,106,191,1,35,40,2,1,35,142,0
26,7,382,29,4166,1054,1,0,0,19,763,168,0,20,15,0,0,20,171,427,36,1103,2,1,1,23,916,183,1,26,16,1,1,26,213,0
26,7,382,1,962,15,0,1,0,25,763,112,0,23,29,0,0,23,101,427,5,19,4,2,1,31,916,128,1,35,40,1,2,35,142,0
26,7,382,1,962,15,0,0,3,42,763,148,0,23,29,0,0,23,276,427,5,19,4,4,5,56,916,191,2,35,39,2,1,35,309,0
26,7,382,1,962,15,0,0,3,42,763,148,0,23,31,0,0,23,276,427,5,19,4,4,5,56,916,191,2,35,42,1,1,35,309,0
26,6,359,162,2688,1054,1,1,1,593,763,593,593,593,590,590,593,593,892,379,211,1103,1,1,1,657,916,657,657,655,590,590,655,655,976,1
26,7,544,88,-1,1054,2,1,26,593,763,593,593,593,590,590,593,593,892,676,94,1103,3,1,27,657,916,657,657,655,590,590,655,655,976,1
26,6,544,162,-1,82,43,1,1,593,763,593,593,593,590,590,593,593,892,676,211,84,45,1,1,657,916,657,657,655,590,590,655,655,976,1
26,6,121,295,199,19,17,1,2,593,763,593,593,593,590,590,593,593,892,134,386,21,19,1,2,657,916,657,657,655,590,590,655,655,976,1
26,6,544,2,3548,241,290,1,4,17,763,70,1,14,24,1,1,14,171,676,2,306,362,1,4,18,916,101,1,19,26,1,1,19,213,1
26,7,359,162,-1,1054,75,13,26,19,8,107,1,20,24,1,2,20,276,379,211,1103,75,13,27,23,8,134,1,26,26,1,2,26,309,1
26,6,6,2,0,1054,369,2,3,8,3,168,1,7,7,1,1,7,19,7,2,1103,372,2,4,8,3,183,1,7,8,1,1,7,19,1
26,6,382,29,5426,1054,1,1,5,25,49,112,2,16,29,5,2,16,892,427,36,1103,1,1,5,31,49,128,2,25,39,5,2,25,976,1
26,7,359,1,-1,241,290,4,3,21,31,76,2,23,31,9,2,23,892,379,1,306,362,4,3,30,31,80,2,35,42,9,3,35,976,1
26,6,544,175,-1,82,4,2,3,45,151,148,3,39,34,2,3,39,892,676,175,84,4,2,5,48,151,191,3,42,40,2,3,42,976,1
26,6,121,13,345,1054,60,1,2,8,763,148,3,5,9,2,3,5,276,134,15,1103,61,1,2,8,916,191,3,5,9,2,3,5,309,1
26,7,359,162,-1,1054,75,13,26,6,16,25,1,6,24,1,1,6,276,379,211,1103,75,13,27,7,17,25,1,8,27,1,1,8,309,1
26,7,359,162,-1,1054,75,13,26,21,25,41,1,18,19,1,1,18,276,379,211,1103,75,13,27,24,26,42,1,23,23,1,3,23,309,1
26,6,359,88,-1,1054,7,1,2,42,763,148,2,23,29,1,1,23,276,379,94,1103,10,1,2,56,916,191,2,35,40,1,1,35,309,1
26,6,382,29,-1,1054,2,1,2,593,763,593,593,593,590,590,593,593,892,427,36,1103,2,1,2,657,916,657,657,655,590,590,655,655,976,1
26,6,151,175,324,1054,10,1,1,593,763,593,593,593,590,590,593,593,892,155,175,1103,10,1,1,657,916,657,657,655,590,590,655,655,976,1
26,6,544,88,-1,1054,20,1,4,593,763,593,593,593,590,590,593,593,892,676,94,1103,23,1,4,657,916,657,657,655,590,590,655,655,976,1
26,6,544,162,-1,1054,4,1,1,593,763,593,593,593,590,590,593,593,892,676,211,1103,5,1,1,657,916,657,657,655,590,590,655,655,976,1
26,6,359,29,-1,1054,56,1,4,593,763,593,593,593,590,590,593,593,892,379,36,1103,58,1,4,657,916,657,657,655,590,590,655,655,976,1
27,7,544,7,8756,15,0,1,0,8,763,168,0,6,8,0,0,6,171,676,12,19,4,2,1,9,916,183,1,7,11,1,1,7,213,0
27,7,544,295,193,1054,20,0,26,25,763,70,0,23,22,0,0,23,101,676,386,1103,23,1,27,31,916,101,1,35,25,1,1,35,142,0
27,8,544,162,-1,1054,63,1,4,593,763,593,593,593,590,590,593,593,892,676,211,1103,65,1,4,657,916,657,657,655,590,590,655,655,976,1
27,6,151,110,324,1054,23,1,4,593,763,593,593,593,590,590,593,593,892,155,113,1103,24,1,4,657,916,657,657,655,590,590,655,655,976,1
27,6,359,3,-1,1054,1,1,10,26,151,70,20,22,41,24,20,22,892,379,3,1103,2,1,10,28,151,101,20,25,48,24,20,25,976,1
27,6,544,24,-1,35,14,1,1,10,16,9,1,7,10,1,1,7,171,676,25,35,14,1,1,10,16,9,1,7,11,1,1,7,213,1
27,6,544,6,7967,241,290,1,5,37,763,112,1,36,26,1,1,36,101,676,6,306,362,1,5,39,916,128,1,38,31,1,1,38,142,1
27,7,382,295,11506,1054,60,2,1,593,763,593,593,593,590,590,593,593,892,427,386,1103,61,2,1,657,916,657,657,655,590,590,655,655,976,1
28,9,544,24,-1,0,0,0,12,44,763,70,0,30,31,1,0,30,101,676,25,2,1,1,13,48,916,101,1,32,42,2,1,32,142,0
28,7,151,110,324,1054,60,0,0,44,763,148,0,16,31,0,0,16,276,155,113,1103,61,1,1,48,916,191,1,25,42,1,1,25,309,0
28,8,359,162,39036,5,8,5,5,593,763,593,593,593,590,590,593,593,892,379,211,5,8,5,5,657,916,657,657,655,590,590,655,655,976,1
28,6,382,175,-1,1054,369,33,36,593,763,593,593,593,590,590,593,593,892,427,175,1103,372,33,36,657,916,657,657,655,590,590,655,655,976,1
28,7,121,295,-1,8,290,1,2,593,763,593,593,593,590,590,593,593,892,134,386,9,362,1,2,657,916,657,657,655,590,590,655,655,976,1
28,7,382,88,-1,6,2,2,5,593,763,593,593,593,590,590,593,593,892,427,94,6,2,2,5,657,916,657,657,655,590,590,655,655,976,1
28,7,151,175,-1,1054,2,3,2,37,67,168,8,37,33,2,8,37,892,155,175,1103,2,3,2,39,69,183,8,38,35,2,8,38,976,1
28,7,382,88,-1,6,2,2,5,47,67,89,11,36,29,3,11,36,892,427,94,6,2,2,5,53,69,97,11,38,39,3,11,38,976,1
28,6,151,50,324,1054,5,1,1,44,151,168,11,43,34,3,12,43,892,155,51,1103,5,1,1,48,151,183,11,43,40,3,12,43,976,1
28,7,359,295,8578,82,43,1,1,21,49,107,1,20,20,3,1,20,90,379,386,84,45,1,1,24,49,134,1,26,28,3,1,26,105,1
28,6,544,295,10576,9,1,1,8,25,31,148,1,29,29,1,1,29,892,676,386,10,1,1,8,30,31,191,1,34,40,1,1,34,976,1
28,7,151,50,324,241,290,1,6,23,54,76,1,29,19,1,1,29,171,155,51,306,362,1,6,26,106,80,1,31,23,1,1,31,213,1
28,7,544,1,12846,1054,1,1,1,23,16,168,3,29,19,1,1,29,171,676,1,1103,1,1,1,26,17,183,3,31,23,1,1,31,213,1
28,7,544,49,6666,1054,369,47,47,2,49,25,1,3,6,1,1,3,276,676,49,1103,372,47,47,2,53,25,1,3,6,1,1,3,309,1
28,6,121,1,445,1054,60,4,2,13,49,62,1,20,18,1,1,20,101,134,1,1103,61,4,2,13,53,67,1,26,18,1,1,26,142,1
28,8,544,295,-1,1054,56,1,1,37,763,168,1,36,33,1,1,36,101,676,386,1103,58,1,1,39,916,183,1,38,35,1,1,38,142,1
28,7,151,110,324,241,290,76,79,18,7,112,3,9,7,1,3,9,171,155,113,306,362,127,139,18,7,128,3,9,7,1,3,9,213,1
28,6,359,2,-1,1054,75,1,1,593,763,593,593,593,590,590,593,593,892,379,2,1103,75,1,1,657,916,657,657,655,590,590,655,655,976,1
28,6,359,175,-1,1054,369,15,15,19,8,168,1,20,11,1,1,20,276,379,175,1103,372,15,15,23,8,183,1,26,11,1,1,26,309,1
28,6,544,162,18438,1054,45,1,1,593,763,593,593,593,590,590,593,593,892,676,211,1103,57,1,1,657,916,657,657,655,590,590,655,655,976,1
29,7,382,295,7314,1054,2,0,0,10,763,148,0,7,8,0,0,7,171,427,386,1103,3,3,4,11,916,191,1,8,10,1,1,8,213,0
29,7,151,110,324,0,0,0,2,44,763,148,1,30,33,0,0,30,101,155,113,1,1,4,3,48,916,191,2,32,35,1,1,32,142,0
29,6,382,295,-1,1054,369,13,18,593,763,593,593,593,590,590,593,593,892,427,386,1103,372,13,18,657,916,657,657,655,590,590,655,655,976,1
29,6,6,2,0,1054,369,2,3,593,763,593,593,593,590,590,593,593,892,7,2,1103,372,2,4,657,916,657,657,655,590,590,655,655,976,1
29,8,382,295,9136,1054,369,1,2,593,763,593,593,593,590,590,593,593,892,427,386,1103,372,1,2,657,916,657,657,655,590,590,655,655,976,1
29,6,544,295,5019,1054,19,1,1,593,763,593,593,593,590,590,593,593,892,676,386,1103,19,1,1,657,916,657,657,655,590,590,655,655,976,1
29,7,359,162,-1,1054,75,13,26,593,763,593,593,593,590,590,593,593,892,379,211,1103,75,13,27,657,916,657,657,655,590,590,655,655,976,1
29,6,121,7,210,1054,7,2,2,593,763,593,593,593,590,590,593,593,892,134,7,1103,7,2,2,657,916,657,657,655,590,590,655,655,976,1
29,6,544,7,8654,11,5,1,2,593,763,593,593,593,590,590,593,593,892,676,12,11,5,1,2,657,916,657,657,655,590,590,655,655,976,1
29,7,121,3,238,82,3,1,1,593,763,593,593,593,590,590,593,593,892,134,3,84,3,1,2,657,916,657,657,655,590,590,655,655,976,1
29,6,382,295,26856,241,290,1,1,19,60,107,1,20,15,1,1,20,276,427,386,306,362,1,1,23,60,134,1,26,16,1,1,26,309,1
29,6,151,110,324,1054,1,1,2,25,25,89,2,21,31,2,2,21,892,155,113,1103,1,1,2,32,26,97,2,24,42,2,2,24,976,1
29,7,544,5,-1,82,2,1,3,1,1,168,1,1,1,1,1,1,892,676,5,84,2,1,3,1,1,183,1,1,1,1,1,1,976,1
29,6,544,295,10210,1054,369,1,4,44,67,148,9,43,40,3,9,43,892,676,386,1103,372,1,12,48,69,191,9,43,40,3,9,43,976,1
29,6,382,295,13684,1054,2,1,1,27,25,76,1,16,31,1,1,16,892,427,386,1103,2,1,1,36,26,80,1,21,42,1,1,21,976,1
29,6,151,175,324,82,4,2,1,26,151,70,20,22,41,24,20,22,892,155,175,84,4,2,1,28,151,101,20,25,48,24,20,25,976,1
29,6,121,29,770,1054,1,1,1,44,151,168,9,43,40,4,9,43,892,134,36,1103,1,1,1,48,151,183,9,43,40,4,9,43,976,1
29,8,544,6,6813,1054,9,1,3,23,31,28,1,22,23,1,1,22,892,676,6,1103,9,1,3,26,31,30,1,26,27,2,1,26,976,1
29,6,151,110,324,241,290,2,6,10,31,89,1,8,20,1,1,8,276,155,113,306,362,2,6,11,31,97,1,8,26,1,1,8,309,1
29,6,382,175,34,1054,45,2,2,32,77,41,1,21,12,1,1,21,101,427,175,1103,57,2,2,35,78,42,1,24,18,1,1,24,142,1
29,7,382,295,-1,1054,369,13,18,12,6,62,1,8,11,1,1,8,171,427,386,1103,372,13,18,12,6,67,1,8,11,1,1,8,213,1
29,8,544,49,20404,1054,369,47,47,18,60,107,1,10,15,1,1,10,276,676,49,1103,372,47,47,18,60,134,1,10,15,1,1,10,309,1
29,8,544,1,-1,7,2,2,2,13,763,107,1,7,18,2,1,7,90,676,1,10,2,2,2,13,916,134,1,7,18,2,1,7,105,1
29,6,544,1,7159,1054,56,1,1,21,60,25,1,29,24,2,1,29,101,676,1,1103,58,1,1,24,60,25,1,31,27,2,1,31,142,1
29,6,359,24,-1,1054,2,1,1,19,54,168,1,20,15,1,1,20,276,379,25,1103,2,1,1,23,106,183,1,26,16,1,1,26,309,1
29,6,121,295,388,1054,11,1,1,593,763,593,593,593,590,590,593,593,892,134,386,1103,11,1,1,657,916,657,657,655,590,590,655,655,976,1
29,6,382,13,199,241,290,1,1,593,763,593,593,593,590,590,593,593,892,427,15,306,362,1,1,657,916,657,657,655,590,590,655,655,976,1
29,8,151,110,324,35,2,1,1,593,763,593,593,593,590,590,593,593,892,155,113,35,2,1,1,657,916,657,657,655,590,590,655,655,976,1
29,6,382,29,-1,82,43,1,3,593,763,593,593,593,590,590,593,593,892,427,36,84,45,1,3,657,916,657,657,655,590,590,655,655,976,1
29,6,359,175,-1,1054,369,15,15,593,763,593,593,593,590,590,593,593,892,379,175,1103,372,15,15,657,916,657,657,655,590,590,655,655,976,1
30,8,121,295,177,241,290,76,79,42,763,148,0,16,31,0,0,16,101,134,386,306,362,127,139,56,916,191,1,25,42,1,1,25,142,0
30,6,359,2,-1,3,290,1,1,593,763,593,593,593,590,590,593,593,892,379,2,3,362,1,1,657,916,657,657,655,590,590,655,655,976,1
30,6,121,1,199,1054,21,1,5,593,763,593,593,593,590,590,593,593,892,134,1,1103,22,1,6,657,916,657,657,655,590,590,655,655,976,1
30,7,359,162,-1,1054,75,13,26,25,31,168,1,22,22,1,1,22,276,379,211,1103,75,13,27,30,31,183,1,26,29,1,1,26,309,1
30,6,382,175,-1,1054,369,33,36,5,3,21,1,1,1,1,1,1,2,427,175,1103,372,33,36,5,3,21,1,1,1,1,1,1,2,1
30,6,382,295,-1,1054,369,13,18,21,11,148,1,19,19,1,1,19,171,427,386,1103,372,13,18,27,11,191,1,22,23,1,1,22,213,1
30,6,382,1,-1,241,290,1,2,19,11,107,1,22,24,1,1,22,892,427,1,306,362,1,2,26,11,134,1,26,26,1,1,26,976,1
30,6,6,1,-1,1054,3,2,2,37,67,112,8,37,31,3,8,37,892,7,1,1103,3,2,2,39,69,128,8,38,42,3,8,38,976,1
30,6,544,295,14703,1054,9,2,1,10,77,70,8,10,42,4,8,10,892,676,386,1103,9,2,1,13,78,101,8,14,48,4,9,14,976,1
30,6,544,162,8751,1054,60,1,2,27,77,89,2,14,22,1,1,14,276,676,211,1103,61,1,2,36,78,97,2,19,29,1,1,19,309,1
30,6,151,110,324,1054,15,1,1,1,60,9,1,1,2,1,1,1,101,155,113,1103,15,1,1,1,60,9,1,1,2,1,1,1,142,1
30,7,382,295,-1,1054,369,13,18,16,7,148,1,10,15,1,1,10,171,427,386,1103,372,13,18,16,7,191,1,10,16,1,1,10,213,1
30,6,359,175,-1,1054,369,15,15,16,2,168,1,9,8,1,1,9,90,379,175,1103,372,15,15,16,2,183,1,9,8,1,1,9,105,1
30,6,382,175,-1,1054,369,33,36,3,3,21,1,2,10,1,1,2,12,427,175,1103,372,33,36,3,3,21,1,2,11,1,1,2,12,1
30,7,359,4,350,1054,56,3,4,25,54,28,1,16,20,1,1,16,276,379,4,1103,58,3,4,30,106,30,1,17,26,1,1,17,309,1
30,7,382,1,-1,1054,8,3,5,9,151,89,1,8,7,1,1,8,276,427,1,1103,8,3,5,10,151,97,1,10,7,1,1,10,309,1
30,8,544,88,-1,1054,369,1,1,593,763,593,593,593,590,590,593,593,892,676,94,1103,372,1,1,657,916,657,657,655,590,590,655,655,976,1
30,6,359,175,-1,1054,369,15,15,593,763,593,593,593,590,590,593,593,892,379,175,1103,372,15,15,657,916,657,657,655,590,590,655,655,976,1
30,7,382,295,-1,1054,369,13,18,593,763,593,593,593,590,590,593,593,892,427,386,1103,372,13,18,657,916,657,657,655,590,590,655,655,976,1
31,7,151,50,324,1054,369,0,0,42,763,148,0,23,26,0,0,23,276,155,51,1103,372,4,1,56,916,191,1,35,31,1,1,35,309,0
31,8,359,30,604,1054,369,25,31,593,763,593,593,593,590,590,593,593,892,379,30,1103,372,25,31,657,916,657,657,655,590,590,655,655,976,1
31,7,121,3,287,241,290,1,3,593,763,593,593,593,590,590,593,593,892,134,3,306,362,1,3,657,916,657,657,655,590,590,655,655,976,1
31,7,382,295,-1,1054,369,13,18,593,763,593,593,593,590,590,593,593,892,427,386,1103,372,13,18,657,916,657,657,655,590,590,655,655,976,1
31,8,359,295,65815,1054,15,11,12,593,763,593,593,593,590,590,593,593,892,379,386,1103,15,11,12,657,916,657,657,655,590,590,655,655,976,1
31,6,382,175,-1,1054,369,33,36,3,1,9,1,4,4,1,1,4,12,427,175,1103,372,33,36,3,1,9,1,4,4,1,1,4,12,1
31,6,544,1,-1,241,290,1,15,25,151,76,3,16,29,2,3,16,892,676,1,306,362,1,16,31,151,80,3,25,40,2,3,25,976,1
31,7,359,1,4075,82,43,2,2,45,151,148,20,39,34,8,20,39,892,379,1,84,45,2,2,48,151,191,20,42,40,8,20,42,976,1
31,8,121,24,287,9,1,1,1,44,763,70,1,16,31,1,1,16,276,134,25,10,1,1,1,48,916,101,2,25,42,1,1,25,309,1
31,7,359,162,-1,1054,75,13,26,13,16,8,1,12,10,1,1,12,276,379,211,1103,75,13,27,13,16,8,1,14,12,1,1,14,309,1
31,7,544,12,5132,1054,60,1,1,9,763,168,1,14,18,1,1,14,171,676,12,1103,61,1,1,10,916,183,1,14,18,1,1,14,213,1
31,6,151,50,324,1054,7,1,1,25,54,112,1,20,12,1,2,20,171,155,51,1103,7,1,1,30,106,128,2,26,15,1,2,26,213,1
31,6,151,110,324,241,290,76,79,19,8,168,1,24,27,1,1,24,276,155,113,306,362,127,139,26,8,183,1,26,31,1,1,26,309,1
31,6,382,295,-1,241,290,13,18,25,11,168,1,20,19,1,1,20,171,427,386,306,362,13,18,30,11,183,1,26,23,1,1,26,213,1
31,8,151,110,324,1054,60,1,1,1,763,168,1,1,1,1,1,1,101,155,113,1103,61,1,1,1,916,183,1,1,1,1,1,1,142,1
31,6,544,295,-1,1054,2,1,3,17,25,62,1,23,22,1,1,23,101,676,386,1103,3,1,3,18,26,67,1,28,24,1,1,28,142,1
31,7,382,175,-1,1054,369,33,36,5,2,21,1,8,6,1,1,8,12,427,175,1103,372,33,36,5,2,21,1,8,6,1,1,8,12,1
31,7,359,295,22004,1054,369,3,26,593,763,593,593,593,590,590,593,593,892,379,386,1103,372,3,27,657,916,657,657,655,590,590,655,655,976,1
31,6,382,295,-1,1054,369,13,18,593,763,593,593,593,590,590,593,593,892,427,386,1103,372,13,18,657,916,657,657,655,590,590,655,655,976,1
31,7,121,13,345,1054,9,1,2,593,763,593,593,593,590,590,593,593,892,134,15,1103,9,1,2,657,916,657,657,655,590,590,655,655,976,1
32,11,544,162,643,241,290,76,79,21,54,107,0,20,20,0,0,20,90,676,211,306,362,127,139,27,106,134,1,26,26,1,1,26,105,0
32,9,544,162,637,241,290,76,79,25,54,112,1,19,22,0,0,19,171,676,211,306,362,127,139,30,106,128,2,21,24,1,1,21,213,0
32,8,544,49,-1,1054,63,17,21,593,763,593,593,593,590,590,593,593,892,676,49,1103,65,17,21,657,916,657,657,655,590,590,655,655,976,1
32,6,382,175,34,1054,7,1,1,593,763,593,593,593,590,590,593,593,892,427,175,1103,7,1,1,657,916,657,657,655,590,590,655,655,976,1
32,8,544,49,-1,1054,63,17,21,593,763,593,593,593,590,590,593,593,892,676,49,1103,65,17,21,657,916,657,657,655,590,590,655,655,976,1
32,9,359,1,420762,241,290,1,79,23,49,62,1,14,20,1,1,14,101,379,1,306,362,1,139,26,53,67,1,19,26,1,1,19,142,1
32,8,382,295,1399,1054,369,1,5,593,763,593,593,593,590,590,593,593,892,427,386,1103,372,1,5,657,916,657,657,655,590,590,655,655,976,1
32,6,544,295,-1,82,1,1,2,593,763,593,593,593,590,590,593,593,892,676,386,84,1,1,2,657,916,657,657,655,590,590,655,655,976,1
32,7,544,162,-1,1054,75,1,2,593,763,593,593,593,590,590,593,593,892,676,211,1103,75,1,3,657,916,657,657,655,590,590,655,655,976,1
32,7,544,162,-1,1054,369,6,8,25,21,148,1,19,21,1,1,19,171,676,211,1103,372,7,8,30,21,191,1,21,25,1,1,21,213,1
32,7,382,175,-1,1054,369,33,36,5,3,107,1,4,5,1,1,4,12,427,175,1103,372,33,36,6,3,134,1,4,5,1,1,4,12,1
32,8,544,295,-1,241,290,2,2,19,763,112,1,19,11,1,1,19,276,676,386,306,362,2,2,23,916,128,1,22,11,1,1,22,309,1
32,6,359,175,-1,241,290,15,15,45,151,148,20,39,41,9,20,39,892,379,175,306,362,15,15,48,151,191,20,42,48,9,20,42,976,1
32,8,359,50,328,9,1,1,1,44,151,148,11,43,40,2,12,43,892,379,51,10,1,1,1,48,151,191,11,43,40,2,12,43,976,1
32,7,544,295,-1,1054,8,1,1,2,763,112,1,1,1,1,1,1,90,676,386,1103,8,1,1,2,916,128,1,1,1,1,1,1,105,1
32,8,151,110,324,241,290,1,1,21,21,89,2,23,23,1,2,23,892,155,113,306,362,1,1,30,21,97,2,35,27,1,2,35,976,1
32,6,121,1,199,1054,5,1,26,37,151,112,12,37,40,10,12,37,892,134,1,1103,5,1,27,39,151,128,12,38,40,10,12,38,976,1
32,8,121,295,334,2,2,1,1,47,54,112,3,16,22,1,2,16,101,134,386,2,2,1,1,53,106,128,3,20,25,1,2,20,142,1
32,7,121,3,287,1054,15,1,2,4,763,168,1,4,4,1,1,4,101,134,3,1103,15,1,2,4,916,183,1,4,4,1,1,4,142,1
32,7,359,295,20212,1054,369,3,26,8,7,9,1,10,12,1,1,10,171,379,386,1103,372,3,27,8,7,9,1,10,15,1,1,10,213,1
32,8,544,49,-1,1054,63,17,21,4,763,148,1,7,8,1,1,7,276,676,49,1103,65,17,21,4,916,191,1,8,10,1,1,8,309,1
32,8,544,49,-1,1054,63,17,21,19,77,112,1,19,20,1,1,19,276,676,49,1103,65,17,21,23,78,128,1,22,28,1,1,22,309,1
32,7,359,175,-1,241,290,1,3,42,763,168,1,23,29,1,1,23,276,379,175,306,362,1,3,56,916,183,2,35,40,1,1,35,309,1
32,7,544,49,11827,1054,369,47,47,8,77,107,1,11,15,1,1,11,276,676,49,1103,372,47,47,9,78,134,1,11,15,1,1,11,309,1
32,8,382,29,1108,1054,45,1,1,17,763,148,1,22,22,1,1,22,276,427,36,1103,57,1,1,18,916,191,1,26,24,1,1,26,309,1
32,7,151,175,324,1054,56,1,2,593,763,593,593,593,590,590,593,593,892,155,175,1103,58,1,2,657,916,657,657,655,590,590,655,655,976,1
33,11,544,162,646,241,290,76,79,17,54,107,0,22,12,0,1,22,276,676,211,306,362,127,139,18,106,134,1,26,18,1,2,26,309,0
33,9,544,162,637,241,290,76,79,25,54,107,0,8,20,0,0,8,90,676,211,306,362,127,139,30,106,134,1,14,26,1,1,14,105,0
33,9,544,162,640,241,290,76,79,19,54,107,0,18,21,0,0,18,171,676,211,306,362,127,139,26,106,134,1,23,25,1,1,23,213,0
33,9,544,162,643,241,290,76,79,45,763,112,0,39,34,0,0,39,892,676,211,306,362,127,139,48,916,128,2,42,40,2,2,42,976,0
33,9,544,162,-1,241,290,0,79,25,54,62,1,22,23,0,0,22,276,676,211,306,362,1,139,30,106,67,3,26,27,2,2,26,309,0
33,11,359,162,-1,241,290,0,0,47,763,148,0,21,26,0,0,21,276,379,211,306,362,1,1,53,916,191,2,24,31,1,1,24,309,0
33,7,359,88,-1,1054,75,30,1,593,763,593,593,593,590,590,593,593,892,379,94,1103,75,30,1,657,916,657,657,655,590,590,655,655,976,1
33,8,544,49,-1,1054,63,17,21,593,763,593,593,593,590,590,593,593,892,676,49,1103,65,17,21,657,916,657,657,655,590,590,655,655,976,1
33,8,544,49,-1,1054,63,17,21,593,763,593,593,593,590,590,593,593,892,676,49,1103,65,17,21,657,916,657,657,655,590,590,655,655,976,1
33,6,359,175,-1,1054,369,15,15,593,763,593,593,593,590,590,593,593,892,379,175,1103,372,15,15,657,916,657,657,655,590,590,655,655,976,1
33,6,121,295,-1,11,2,1,7,593,763,593,593,593,590,590,593,593,892,134,386,11,2,1,7,657,916,657,657,655,590,590,655,655,976,1
33,6,359,3,19890,82,4,1,5,593,763,593,593,593,590,590,593,593,892,379,3,84,4,1,5,657,916,657,657,655,590,590,655,655,976,1
